Sample_Name,MYH11,PRMT1,TENT4A
Patient001,16.425486,10.39456214,8.870025006
Patient002,12.04352229,8.612377672,10.31208222
Patient003,16.35163783,11.55593554,9.015171788
Patient004,12.10629686,12.44179342,9.027366233
Patient005,16.0078846,11.10911678,8.955317584
