Sample_Name,MYH11,PRMT1,TENT4A
Patient001,16.425486,10.39456214,8.870025006
